{"count":1,"self":11841.040384,"total":17075.1391406,"children":{"InitializeActuators":{"count":1,"self":0.0019952999999999998,"total":0.0019952999999999998,"children":null},"InitializeSensors":{"count":1,"self":0.0019949,"total":0.0019949,"children":null},"AgentSendState":{"count":9632618,"self":26.5183824,"total":58.829062699999994,"children":{"CollectObservations":{"count":963262,"self":3.1530791999999996,"total":3.1530793,"children":null},"WriteActionMask":{"count":963262,"self":0.87867719999999994,"total":0.87867719999999994,"children":null},"RequestDecision":{"count":963262,"self":6.3446652,"total":28.2789243,"children":{"AgentInfo.ToProto":{"count":963262,"self":8.7511168,"total":21.9342591,"children":{"GenerateSensorData":{"count":963262,"self":13.1831424,"total":13.183142499999999,"children":null}}}}}}},"DecideAction":{"count":9632618,"self":4987.9293952,"total":4987.9292058,"children":null},"AgentAct":{"count":9632618,"self":186.82209279999998,"total":187.3356178,"children":{"AgentInfo.ToProto":{"count":24834,"self":0.23633279999999998,"total":0.5135294,"children":{"GenerateSensorData":{"count":24834,"self":0.2771966,"total":0.2771966,"children":null}}}}}},"gauges":{"Streaker.CumulativeReward":{"count":24834,"max":2,"min":-152295.5,"runningAverage":-16.5834084,"value":-36.5,"weightedAverage":-18.1460762}},"metadata":{"timer_format_version":"0.1.0","start_time_seconds":"1672244212","unity_version":"2021.3.4f1","command_line_arguments":"C:\\Program Files\\Unity\\Hub\\Editor\\2021.3.4f1\\Editor\\Unity.exe -projectpath C:\\Users\\zapin\\Documents\\GitHub\\Automatic-Park\\Automatic Park -useHub -hubIPC -cloudEnvironment production","communication_protocol_version":"1.5.0","com.unity.ml-agents_version":"2.3.0-exp.4","scene_name":"SampleScene","end_time_seconds":"1672261287"}}