{"count":1,"self":11652.9618944,"total":15405.913004,"children":{"InitializeActuators":{"count":1,"self":0.0019944999999999997,"total":0.0019944999999999997,"children":null},"InitializeSensors":{"count":1,"self":0.0009973,"total":0.0009973,"children":null},"AgentSendState":{"count":7112318,"self":27.529439999999997,"total":57.000938899999994,"children":{"CollectObservations":{"count":711232,"self":3.0209848,"total":3.0209848,"children":null},"WriteActionMask":{"count":711232,"self":0.93926499999999991,"total":0.93926499999999991,"children":null},"RequestDecision":{"count":711232,"self":6.3268008,"total":25.5112487,"children":{"AgentInfo.ToProto":{"count":711232,"self":7.8992511999999993,"total":19.1844481,"children":{"GenerateSensorData":{"count":711232,"self":11.2851968,"total":11.2851965,"children":null}}}}}}},"DecideAction":{"count":7112318,"self":3644.6928896,"total":3644.6927293999997,"children":null},"AgentAct":{"count":7112318,"self":51.248131199999996,"total":51.252113099999995,"children":{"AgentInfo.ToProto":{"count":278,"self":0.0029979,"total":0.0039818,"children":{"GenerateSensorData":{"count":278,"self":0.0009839,"total":0.0009839,"children":null}}}}}},"gauges":{"Streaker.CumulativeReward":{"count":278,"max":1,"min":0,"runningAverage":0.05755397,"value":0,"weightedAverage":0.105468862}},"metadata":{"timer_format_version":"0.1.0","start_time_seconds":"1671641591","unity_version":"2021.3.4f1","command_line_arguments":"C:\\Program Files\\Unity\\Hub\\Editor\\2021.3.4f1\\Editor\\Unity.exe -projectpath C:\\Users\\zapin\\Documents\\GitHub\\Automatic-Park\\Automatic Park -useHub -hubIPC -cloudEnvironment production","communication_protocol_version":"1.5.0","com.unity.ml-agents_version":"2.3.0-exp.4","scene_name":"SampleScene","end_time_seconds":"1671656997"}}